/admin/login,68.607784
/admin/login,81.131821
/admin/login,70.600743
/admin/login,75.533457
/admin/login,82.347023
/admin/login,88.621667
/admin/login,83.267885
/admin/login,73.054316
/admin/login,84.018955
/admin/login,69.069958
/admin/login,73.037094
/admin/login,78.166258
/admin/login,75.288444
/admin/login,88.875702
/admin/login,81.398348
/admin/login,67.547036
/admin/login,81.298574
/admin/login,77.198319
/admin/login,68.572992
/admin/login,76.839362
/admin/login,88.328118
/admin/login,98.379792
/admin/login,85.127625
/admin/login,73.705794
/admin/login,70.003689
/admin/login,66.666061
/admin/login,83.583399
/admin/login,91.225036
/admin/login,79.817453
/admin/login,70.091795
/admin/login,68.445781
/admin/login,75.414279
/admin/login,81.982127
/admin/login,71.096585
/admin/login,68.239716
/admin/login,70.368557
/admin/login,71.587564
/admin/login,75.454901
/admin/login,86.089907
/admin/login,74.489123
/admin/login,83.323876
/admin/login,90.449825
/admin/login,67.125307
/admin/login,82.918849
/admin/login,69.390191
/admin/login,69.731014
/admin/login,66.520881
/admin/login,82.013054
/admin/login,69.24842
/admin/login,87.251265
/admin/login,79.093813
/admin/login,74.675416
/admin/login,89.223756
/admin/login,69.709041
/admin/login,77.053194
/admin/login,69.001665
/admin/login,70.883927
/admin/login,81.370069
/admin/login,70.315446
/admin/login,72.686564
/admin/login,68.477445
/admin/login,80.611711
/admin/login,79.590719
/admin/login,67.348285
/admin/login,69.062816
/admin/login,67.139123
/admin/login,70.135404
/admin/login,67.106052
/admin/login,70.126394
/admin/login,67.429574
/admin/login,83.676817
/admin/login,77.339096
/admin/login,69.31596
/admin/login,69.45711
/admin/login,79.818522
/admin/login,67.032751
/admin/login,67.270199
/admin/login,80.29687
/admin/login,70.208145
/admin/login,68.297468
/admin/login,68.128397
/admin/login,69.562013
/admin/login,85.285185
/admin/login,68.624993
/admin/login,67.301105
/admin/login,75.614422
/admin/login,67.216301
/admin/login,87.27808
/admin/login,83.89322
/admin/login,66.982422
/admin/login,84.367884
/admin/login,90.055883
/admin/login,67.670805
/admin/login,69.244893
/admin/login,70.124993
/admin/login,77.091849
/admin/login,66.780729
/admin/login,74.944149
/admin/login,67.373388
/admin/login,81.832475
/admin/logout,0.167411
/admin/logout,0.189666
/admin/logout,0.171193
/admin/logout,0.537065
/admin/logout,0.241649
/admin/logout,0.180436
/admin/logout,0.177837
/admin/logout,0.241575
/admin/logout,0.16071
/admin/logout,0.220172
/admin/logout,0.162259
/admin/logout,0.1845
/admin/logout,0.200614
/admin/logout,0.2436
/admin/logout,0.175408
/admin/logout,0.191098
/admin/logout,0.228959
/admin/logout,0.201229
/admin/logout,0.177213
/admin/logout,0.163309
/admin/logout,0.200009
/admin/logout,0.275624
/admin/logout,0.183958
/admin/logout,0.172317
/admin/logout,0.167581
/admin/logout,0.374294
/admin/logout,0.175474
/admin/logout,0.186679
/admin/logout,0.207339
/admin/logout,0.182339
/admin/logout,0.188661
/admin/logout,0.207457
/admin/logout,0.164014
/admin/logout,0.247501
/admin/logout,0.204699
/admin/logout,0.204469
/admin/logout,0.186685
/admin/logout,0.248679
/admin/logout,0.196445
/admin/logout,0.20333
/admin/logout,0.169177
/admin/logout,0.18805
/admin/logout,0.210432
/admin/logout,0.266582
/admin/logout,0.169685
/admin/logout,0.212021
/admin/logout,0.182077
/admin/logout,0.232901
/admin/logout,0.220511
/admin/logout,0.173186
/admin/logout,0.165657
/admin/logout,0.194937
/admin/logout,0.168118
/admin/logout,0.217116
/admin/logout,0.230655
/admin/logout,0.171835
/admin/logout,0.175127
/admin/logout,0.201162
/admin/logout,0.170341
/admin/logout,0.797037
/admin/logout,0.175048
/admin/logout,0.295383
/admin/logout,0.223857
/admin/logout,0.223829
/admin/logout,0.180335
/admin/logout,0.245511
/admin/logout,0.235063
/admin/logout,0.187841
/admin/logout,0.214722
/admin/logout,0.218657
/admin/logout,0.168252
/admin/logout,0.179098
/admin/logout,0.185008
/admin/logout,0.192171
/admin/logout,0.183761
/admin/logout,0.225845
/admin/logout,0.190695
/admin/logout,0.182097
/admin/logout,0.206732
/admin/logout,0.168745
/admin/logout,0.170256
/admin/logout,0.55014
/admin/logout,0.553531
/admin/logout,0.17015
/admin/logout,0.299062
/admin/logout,0.365028
/admin/logout,0.168187
/admin/logout,0.1663
/admin/logout,0.183072
/admin/logout,0.184629
/admin/logout,0.184733
/admin/logout,0.223835
/admin/logout,0.219552
/admin/logout,0.197504
/admin/logout,0.163354
/admin/logout,0.269471
/admin/logout,0.224938
/admin/logout,0.260788
/admin/logout,0.200662
/admin/logout,0.188116
